Start;Stop;Chanel;Num;Ctg;NameSer;Ratio
170600;170620;.Black;86;Х/ф;Тачкомания c. 8;[16+]
170620;170645;.Black;86;Х/ф;Тачкомания c. 9;[16+]
170645;170705;.Black;86;Х/ф;Тачкомания c. 10;[16+]
170705;170750;.Black;86;Х/ф;Последний мент c. 21;[16+]
170750;170835;.Black;86;Х/ф;Последний мент c. 22;[16+]
170835;170920;.Black;86;Х/ф;Последний мент c. 23;[16+]
170920;171005;.Black;86;Х/ф;Последний мент c. 24;[16+]
171005;171055;.Black;86;Х/ф;Последний мент c. 25;[16+]
171055;171155;.Black;86;Х/ф;Тихоокеанские расследования c. 1;[16+]
171155;171255;.Black;86;Х/ф;Тихоокеанские расследования c. 2;[16+]
171255;171345;.Black;86;Х/ф;Соммердаль c. 7;[16+]
171345;171440;.Black;86;Х/ф;Соммердаль c. 8;[16+]
171440;171525;.Black;86;Х/ф;Премьера. "Жестокое правосудие" c. 11;[16+]
171525;171615;.Black;86;Х/ф;Премьера. "Жестокое правосудие" c. 12;[16+]
171615;171715;.Black;86;Х/ф;Премьера. "Тихоокеанские расследования" c. 3;[16+]
171715;171810;.Black;86;Х/ф;Премьера. "Тихоокеанские расследования" c. 4;[16+]
171810;171910;.Black;86;Х/ф;Чисто английские убийства c. 5;[16+]
171910;172005;.Black;86;Х/ф;Чисто английские убийства c. 6;[16+]
172005;172105;.Black;86;Х/ф;Чисто английские убийства c. 7;[16+]
172105;172200;.Black;86;Х/ф;Чисто английские убийства c. 8;[16+]
172200;172305;.Black;86;Х/ф;Убийство c. 19;[16+]
172305;180010;.Black;86;Х/ф;Убийство c. 20;[18+]
180010;180110;.Black;86;Х/ф;Тихоокеанские расследования c. 3;[16+]
180110;180200;.Black;86;Х/ф;Тихоокеанские расследования c. 4;[16+]
180200;180325;.Black;86;Х/ф;Васаби;[18+]
180325;180515;.Black;86;Х/ф;Трасса 60;[18+]
180515;180535;.Black;86;Х/ф;Тачкомания c. 9;[16+]
180535;180600;.Black;86;Х/ф;Тачкомания c. 10;[16+]
180600;180625;.Black;86;Х/ф;Тачкомания c. 1;[16+]
180625;180645;.Black;86;Х/ф;Тачкомания c. 2;[16+]
180645;180710;.Black;86;Х/ф;Тачкомания c. 3;[16+]
180710;180735;.Black;86;Х/ф;Тачкомания c. 4;[16+]
180735;180825;.Black;86;Х/ф;Последний мент c. 26;[16+]
180825;180920;.Black;86;Х/ф;Последний мент c. 27;[16+]
180920;181010;.Black;86;Х/ф;Последний мент c. 28;[16+]
181010;181100;.Black;86;Х/ф;Последний мент c. 29;[16+]
181100;181200;.Black;86;Х/ф;Тихоокеанские расследования c. 3;[16+]
181200;181255;.Black;86;Х/ф;Тихоокеанские расследования c. 4;[16+]
181255;181350;.Black;86;Х/ф;Соммердаль c. 1;[16+]
181350;181440;.Black;86;Х/ф;Соммердаль c. 2;[16+]
181440;181525;.Black;86;Х/ф;Премьера. "Жестокое правосудие" c. 13;[16+]
181525;181615;.Black;86;Х/ф;Премьера. "Жестокое правосудие" c. 14;[16+]
181615;181710;.Black;86;Х/ф;Премьера. "Тихоокеанские расследования" c. 5;[16+]
181710;181810;.Black;86;Х/ф;Премьера. "Тихоокеанские расследования" c. 6;[16+]
181810;181910;.Black;86;Х/ф;Чисто английские убийства c. 9;[16+]
181910;182005;.Black;86;Х/ф;Чисто английские убийства c. 10;[16+]
182005;182100;.Black;86;Х/ф;Чисто английские убийства c. 11;[16+]
182100;182200;.Black;86;Х/ф;Чисто английские убийства c. 12;[16+]
182200;182305;.Black;86;Х/ф;Убийство c. 1;[16+]
182305;190010;.Black;86;Х/ф;Убийство c. 2;[18+]
190010;190105;.Black;86;Х/ф;Тихоокеанские расследования c. 5;[16+]
190105;190155;.Black;86;Х/ф;Тихоокеанские расследования c. 6;[16+]
190155;190340;.Black;86;Х/ф;Взрывная блондинка;[18+]
190340;190540;.Black;86;Х/ф;Премьера. "Кто убил BlackBerry";[18+]
190540;190600;.Black;86;Х/ф;Тачкомания c. 4;[16+]
190600;190750;.Black;86;Х/ф;Премьера. "Ларго Винч";[16+]
190750;190835;.Black;86;Х/ф;Последний мент c. 30;[16+]
190835;190925;.Black;86;Х/ф;Последний мент c. 31;[16+]
190925;191010;.Black;86;Х/ф;Последний мент c. 32;[16+]
191010;191100;.Black;86;Х/ф;Последний мент c. 33;[16+]
191100;191155;.Black;86;Х/ф;Тихоокеанские расследования c. 5;[16+]
191155;191255;.Black;86;Х/ф;Тихоокеанские расследования c. 6;[16+]
191255;191345;.Black;86;Х/ф;Соммердаль c. 3;[16+]
191345;191440;.Black;86;Х/ф;Соммердаль c. 4;[16+]
191440;191525;.Black;86;Х/ф;Премьера. "Жестокое правосудие" c. 15;[16+]
191525;191615;.Black;86;Х/ф;Премьера. "Жестокое правосудие" c. 16;[16+]
191615;191710;.Black;86;Х/ф;Премьера. "Тихоокеанские расследования" c. 7;[16+]
191710;191810;.Black;86;Х/ф;Премьера. "Тихоокеанские расследования" c. 8;[16+]
191810;191910;.Black;86;Х/ф;Чисто английские убийства c. 13;[16+]
191910;192005;.Black;86;Х/ф;Чисто английские убийства c. 14;[16+]
192005;192105;.Black;86;Х/ф;Чисто английские убийства c. 1;[16+]
192105;192200;.Black;86;Х/ф;Чисто английские убийства c. 2;[16+]
192200;192305;.Black;86;Х/ф;Убийство c. 3;[16+]
192305;200015;.Black;86;Х/ф;Убийство c. 4;[18+]
200015;200110;.Black;86;Х/ф;Тихоокеанские расследования c. 7;[16+]
200110;200200;.Black;86;Х/ф;Тихоокеанские расследования c. 8;[16+]
200200;200355;.Black;86;Х/ф;Вспомнить все;[18+]
200355;200540;.Black;86;Х/ф;Ларго Винч;[18+]
200540;200600;.Black;86;Х/ф;Тачкомания c. 6;[16+]
200600;200620;.Black;86;Х/ф;Тачкомания c. 9;[16+]
200620;200745;.Black;86;Х/ф;Встречное расследование;[16+]
200745;200835;.Black;86;Х/ф;Последний мент c. 34;[16+]
200835;200925;.Black;86;Х/ф;Последний мент c. 35;[16+]
200925;201015;.Black;86;Х/ф;Последний мент c. 36;[16+]
201015;201105;.Black;86;Х/ф;Последний мент c. 37;[16+]
201105;201200;.Black;86;Х/ф;Тихоокеанские расследования c. 7;[16+]
201200;201255;.Black;86;Х/ф;Тихоокеанские расследования c. 8;[16+]
201255;201345;.Black;86;Х/ф;Соммердаль c. 5;[16+]
201345;201440;.Black;86;Х/ф;Соммердаль c. 6;[16+]
201440;201525;.Black;86;Х/ф;Премьера. "Жестокое правосудие" c. 17;[16+]
201525;201615;.Black;86;Х/ф;Премьера. "Жестокое правосудие" c. 18;[16+]
201615;201710;.Black;86;Х/ф;Премьера. "Тихоокеанские расследования" c. 9;[16+]
201710;201810;.Black;86;Х/ф;Премьера. "Тихоокеанские расследования" c. 10;[16+]
201810;201905;.Black;86;Х/ф;Чисто английские убийства c. 3;[16+]
201905;202005;.Black;86;Х/ф;Чисто английские убийства c. 4;[16+]
202005;202100;.Black;86;Х/ф;Чисто английские убийства c. 5;[16+]
202100;202200;.Black;86;Х/ф;Чисто английские убийства c. 6;[16+]
202200;202305;.Black;86;Х/ф;Убийство c. 5;[16+]
202305;210010;.Black;86;Х/ф;Убийство c. 6;[18+]
210010;210105;.Black;86;Х/ф;Тихоокеанские расследования c. 9;[16+]
210105;210155;.Black;86;Х/ф;Тихоокеанские расследования c. 10;[16+]
210155;210340;.Black;86;Х/ф;Игры шпионов;[16+]
210340;210540;.Black;86;Х/ф;Премьера. "Ларго Винч: Заговор в Бирме";[18+]
210540;210600;.Black;86;Х/ф;Тачкомания c. 7;[16+]
210600;210740;.Black;86;Х/ф;Премьера. "Ловкие руки";[16+]
210740;210830;.Black;86;Х/ф;Последний мент c. 38;[16+]
210830;210920;.Black;86;Х/ф;Последний мент c. 39;[16+]
210920;211015;.Black;86;Х/ф;Последний мент c. 1;[16+]
211015;211105;.Black;86;Х/ф;Последний мент c. 2;[16+]
211105;211200;.Black;86;Х/ф;Тихоокеанские расследования c. 9;[16+]
211200;211255;.Black;86;Х/ф;Тихоокеанские расследования c. 10;[16+]
211255;211345;.Black;86;Х/ф;Соммердаль c. 7;[16+]
211345;211440;.Black;86;Х/ф;Соммердаль c. 8;[16+]
211440;211525;.Black;86;Х/ф;Премьера. "Жестокое правосудие" c. 19;[16+]
211525;211615;.Black;86;Х/ф;Премьера. "Жестокое правосудие" c. 20;[16+]
211615;211710;.Black;86;Х/ф;Премьера. "Тихоокеанские расследования" c. 11;[16+]
211710;211810;.Black;86;Х/ф;Премьера. "Тихоокеанские расследования" c. 12;[16+]
211810;211910;.Black;86;Х/ф;Чисто английские убийства c. 7;[16+]
211910;212005;.Black;86;Х/ф;Чисто английские убийства c. 8;[16+]
212005;212105;.Black;86;Х/ф;Чисто английские убийства c. 9;[16+]
212105;212200;.Black;86;Х/ф;Чисто английские убийства c. 10;[16+]
212200;212305;.Black;86;Х/ф;Убийство c. 7;[16+]
212305;220015;.Black;86;Х/ф;Убийство c. 8;[18+]
220015;220110;.Black;86;Х/ф;Тихоокеанские расследования c. 11;[16+]
220110;220200;.Black;86;Х/ф;Тихоокеанские расследования c. 12;[16+]
220200;220355;.Black;86;Х/ф;Код 355;[16+]
220355;220535;.Black;86;Х/ф;Игры шпионов c. 2;[16+]
220535;220600;.Black;86;Х/ф;Тачкомания c. 8;[16+]
220600;220620;.Black;86;Х/ф;Тачкомания c. 10;[16+]
220620;220645;.Black;86;Х/ф;Заряженные тачки c. 1;[16+]
220645;220705;.Black;86;Х/ф;Заряженные тачки c. 2;[16+]
220705;220840;.Black;86;Х/ф;За гранью;[16+]
220840;221050;.Black;86;Х/ф;Кто убил BlackBerry;[16+]
221050;221250;.Black;86;Х/ф;Трасса 60;[16+]
221250;221345;.Black;86;Х/ф;Чисто английские убийства c. 5;[16+]
221345;221435;.Black;86;Х/ф;Чисто английские убийства c. 6;[16+]
221435;221530;.Black;86;Х/ф;Чисто английские убийства c. 7;[16+]
221530;221625;.Black;86;Х/ф;Чисто английские убийства c. 8;[16+]
221625;221725;.Black;86;Х/ф;Чисто английские убийства c. 9;[16+]
221725;221820;.Black;86;Х/ф;Чисто английские убийства c. 10;[16+]
221820;221910;.Black;86;Х/ф;Чисто английские убийства c. 11;[16+]
221910;222005;.Black;86;Х/ф;Чисто английские убийства c. 12;[16+]
222005;222105;.Black;86;Х/ф;Чисто английские убийства c. 13;[16+]
222105;222200;.Black;86;Х/ф;Чисто английские убийства c. 14;[16+]
222200;222350;.Black;86;Х/ф;Крушение;[16+]
222350;230125;.Black;86;Х/ф;Васаби;[18+]
230125;230325;.Black;86;Х/ф;Код 355 c. 2;[16+]
230325;230455;.Black;86;Х/ф;Ловкие руки;[18+]
230455;230515;.Black;86;Х/ф;Заряженные тачки c. 3;[16+]
230515;230540;.Black;86;Х/ф;Заряженные тачки c. 4;[16+]
230540;230600;.Black;86;Х/ф;Заряженные тачки c. 5;[16+]
230600;230620;.Black;86;Х/ф;Заряженные тачки c. 6;[16+]
230620;230645;.Black;86;Х/ф;Заряженные тачки c. 7;[16+]
230645;230845;.Black;86;Х/ф;Ларго Винч;[16+]
230845;231055;.Black;86;Х/ф;Ларго Винч: Заговор в Бирме;[16+]
231055;231235;.Black;86;Х/ф;Ловкие руки;[16+]
231235;231330;.Black;86;Х/ф;Чисто английские убийства c. 1;[16+]
231330;231425;.Black;86;Х/ф;Чисто английские убийства c. 2;[16+]
231425;231525;.Black;86;Х/ф;Чисто английские убийства c. 3;[16+]
231525;231620;.Black;86;Х/ф;Чисто английские убийства c. 4;[16+]
231620;231715;.Black;86;Х/ф;Чисто английские убийства c. 5;[16+]
231715;231810;.Black;86;Х/ф;Чисто английские убийства c. 6;[16+]
231810;231910;.Black;86;Х/ф;Чисто английские убийства c. 7;[16+]
231910;232005;.Black;86;Х/ф;Чисто английские убийства c. 8;[16+]
232005;232105;.Black;86;Х/ф;Чисто английские убийства c. 9;[16+]
232105;232200;.Black;86;Х/ф;Чисто английские убийства c. 10;[16+]
232200;240000;.Black;86;Х/ф;Самый быстрый Indian;[16+]
240000;240200;.Black;86;Х/ф;Код 355;[16+]
240200;240345;.Black;86;Х/ф;Игры шпионов;[16+]
240345;240515;.Black;86;Х/ф;Матадор;[16+]
240515;240535;.Black;86;Х/ф;Заряженные тачки c. 8;[16+]
240535;240600;.Black;86;Х/ф;Заряженные тачки c. 9;[16+]
170600;170620;.Red;85;Х/ф;Как отреставрировать замок (и остаться в живых) c. 6;[16+]
170620;170755;.Red;85;Х/ф;Замёрзшая из Майами;[16+]
170755;170915;.Red;85;Х/ф;Отважный Бим и пернатые колокольчики;[12+]
170915;171100;.Red;85;Х/ф;Певица на всю голову;[16+]
171100;171305;.Red;85;Х/ф;Месть от кутюр;[16+]
171305;171450;.Red;85;Х/ф;Сердцеед;[16+]
171450;171650;.Red;85;Х/ф;Шагни вперёд;[16+]
171650;171830;.Red;85;Х/ф;Пока я рядом;[16+]
171830;172000;.Red;85;Х/ф;Дождь из мужчин;[16+]
172000;172050;.Red;85;Х/ф;Тайны Авроры Тигарден c. 9;[16+]
172050;172140;.Red;85;Х/ф;Тайны Авроры Тигарден c. 10;[16+]
172140;172200;.Red;85;Х/ф;Больница Сент-Винсент c. 66;[16+]
172200;172225;.Red;85;Х/ф;Больница Сент-Винсент c. 67;[16+]
172225;172245;.Red;85;Х/ф;Больница Сент-Винсент c. 68;[16+]
172245;172310;.Red;85;Х/ф;Больница Сент-Винсент c. 69;[16+]
172310;172335;.Red;85;Х/ф;Больница Сент-Винсент c. 70;[16+]
172335;180135;.Red;85;Х/ф;Супергерои;[16+]
180135;180215;.Red;85;Х/ф;Тайны Авроры Тигарден c. 9;[16+]
180215;180300;.Red;85;Х/ф;Тайны Авроры Тигарден c. 10;[16+]
180300;180320;.Red;85;Х/ф;Больница Сент-Винсент c. 66;[16+]
180320;180340;.Red;85;Х/ф;Больница Сент-Винсент c. 67;[16+]
180340;180400;.Red;85;Х/ф;Больница Сент-Винсент c. 68;[16+]
180400;180515;.Red;85;Х/ф;Сирокко из страны ветров;[12+]
180515;180535;.Red;85;Х/ф;Как отреставрировать замок (и остаться в живых) c. 7;[16+]
180535;180600;.Red;85;Х/ф;Как отреставрировать замок (и остаться в живых) c. 8;[16+]
180600;180620;.Red;85;Х/ф;Как отреставрировать замок (и остаться в живых) c. 9;[16+]
180620;180805;.Red;85;Х/ф;Сердцеед;[16+]
180805;180825;.Red;85;Х/ф;Секретные рецепты Мэри Берг c. 4;[16+]
180825;180845;.Red;85;Х/ф;Секретные рецепты Мэри Берг c. 5;[16+]
180845;180910;.Red;85;Х/ф;Секретные рецепты Мэри Берг c. 6;[16+]
180910;180955;.Red;85;Х/ф;Валентина, любовь моя c. 19;[16+]
180955;181040;.Red;85;Х/ф;Валентина, любовь моя c. 20;[16+]
181040;181130;.Red;85;Х/ф;Тайны Авроры Тигарден c. 9;[16+]
181130;181220;.Red;85;Х/ф;Тайны Авроры Тигарден c. 10;[16+]
181220;181410;.Red;85;Х/ф;Певица на всю голову c. 2;[16+]
181410;181430;.Red;85;Х/ф;Как остаться в браке c. 1;[16+]
181430;181455;.Red;85;Х/ф;Как остаться в браке c. 2;[16+]
181455;181515;.Red;85;Х/ф;Как остаться в браке c. 3;[16+]
181515;181540;.Red;85;Х/ф;Как остаться в браке c. 4;[16+]
181540;181605;.Red;85;Х/ф;Как остаться в браке c. 5;[16+]
181605;181630;.Red;85;Х/ф;Как остаться в браке c. 6;[16+]
181630;181655;.Red;85;Х/ф;Как остаться в браке c. 7;[16+]
181655;181720;.Red;85;Х/ф;Как остаться в браке c. 8;[16+]
181720;181805;.Red;85;Х/ф;Валентина, любовь моя c. 21;[16+]
181805;181855;.Red;85;Х/ф;Валентина, любовь моя c. 22;[16+]
181855;181915;.Red;85;Х/ф;Секретные рецепты Мэри Берг c. 7;[16+]
181915;181940;.Red;85;Х/ф;Секретные рецепты Мэри Берг c. 8;[16+]
181940;182000;.Red;85;Х/ф;Секретные рецепты Мэри Берг c. 9;[16+]
182000;182050;.Red;85;Х/ф;Тайны Авроры Тигарден c. 11;[16+]
182050;182140;.Red;85;Х/ф;Тайны Авроры Тигарден c. 12;[16+]
182140;182200;.Red;85;Х/ф;Больница Сент-Винсент c. 71;[16+]
182200;182225;.Red;85;Х/ф;Больница Сент-Винсент c. 72;[16+]
182225;182250;.Red;85;Х/ф;Больница Сент-Винсент c. 73;[16+]
182250;182315;.Red;85;Х/ф;Больница Сент-Винсент c. 74;[16+]
182315;182335;.Red;85;Х/ф;Больница Сент-Винсент c. 75;[16+]
182335;190135;.Red;85;Х/ф;Адаптация;[18+]
190135;190220;.Red;85;Х/ф;Тайны Авроры Тигарден c. 11;[16+]
190220;190300;.Red;85;Х/ф;Тайны Авроры Тигарден c. 12;[16+]
190300;190320;.Red;85;Х/ф;Больница Сент-Винсент c. 71;[16+]
190320;190340;.Red;85;Х/ф;Больница Сент-Винсент c. 72;[16+]
190340;190405;.Red;85;Х/ф;Больница Сент-Винсент c. 73;[16+]
190405;190515;.Red;85;Х/ф;Отважный Бим и пернатые колокольчики;[12+]
190515;190535;.Red;85;Х/ф;Как отреставрировать замок (и остаться в живых) c. 10;[16+]
190535;190600;.Red;85;Х/ф;Как отреставрировать замок (и остаться в живых) c. 11;[16+]
190600;190620;.Red;85;Х/ф;Как отреставрировать замок (и остаться в живых) c. 12;[16+]
190620;190815;.Red;85;Х/ф;Месть от кутюр;[16+]
190815;190840;.Red;85;Х/ф;Секретные рецепты Мэри Берг c. 8;[16+]
190840;190900;.Red;85;Х/ф;Секретные рецепты Мэри Берг c. 9;[16+]
190900;190945;.Red;85;Х/ф;Валентина, любовь моя c. 21;[16+]
190945;191035;.Red;85;Х/ф;Валентина, любовь моя c. 22;[16+]
191035;191125;.Red;85;Х/ф;Тайны Авроры Тигарден c. 11;[16+]
191125;191215;.Red;85;Х/ф;Тайны Авроры Тигарден c. 12;[16+]
191215;191355;.Red;85;Х/ф;Замёрзшая из Майами;[16+]
191355;191420;.Red;85;Х/ф;Как остаться в браке c. 1;[16+]
191420;191445;.Red;85;Х/ф;Как остаться в браке c. 2;[16+]
191445;191510;.Red;85;Х/ф;Как остаться в браке c. 3;[16+]
191510;191535;.Red;85;Х/ф;Как остаться в браке c. 4;[16+]
191535;191600;.Red;85;Х/ф;Как остаться в браке c. 5;[16+]
191600;191625;.Red;85;Х/ф;Как остаться в браке c. 6;[16+]
191625;191650;.Red;85;Х/ф;Как остаться в браке c. 7;[16+]
191650;191720;.Red;85;Х/ф;Как остаться в браке c. 8;[16+]
191720;191805;.Red;85;Х/ф;Валентина, любовь моя c. 23;[16+]
191805;191855;.Red;85;Х/ф;Валентина, любовь моя c. 24;[16+]
191855;191915;.Red;85;Х/ф;Секретные рецепты Мэри Берг c. 10;[16+]
191915;191940;.Red;85;Х/ф;Секретные рецепты Мэри Берг c. 11;[16+]
191940;192000;.Red;85;Х/ф;Секретные рецепты Мэри Берг c. 12;[16+]
192000;192050;.Red;85;Х/ф;Тайны Авроры Тигарден c. 13;[16+]
192050;192140;.Red;85;Х/ф;Тайны Авроры Тигарден c. 14;[16+]
192140;192205;.Red;85;Х/ф;Больница Сент-Винсент c. 76;[16+]
192205;192225;.Red;85;Х/ф;Больница Сент-Винсент c. 77;[16+]
192225;192250;.Red;85;Х/ф;Больница Сент-Винсент c. 78;[16+]
192250;192310;.Red;85;Х/ф;Больница Сент-Винсент c. 79;[16+]
192310;192335;.Red;85;Х/ф;Больница Сент-Винсент c. 80;[16+]
192335;200210;.Red;85;Х/ф;История моей жены;[16+]
200210;200255;.Red;85;Х/ф;Тайны Авроры Тигарден c. 13;[16+]
200255;200335;.Red;85;Х/ф;Тайны Авроры Тигарден c. 14;[16+]
200335;200355;.Red;85;Х/ф;Больница Сент-Винсент c. 76;[16+]
200355;200420;.Red;85;Х/ф;Больница Сент-Винсент c. 77;[16+]
200420;200540;.Red;85;Х/ф;Дождь из мужчин c. 2;[16+]
200540;200600;.Red;85;Х/ф;Как отреставрировать замок (и остаться в живых) c. 13;[16+]
200600;200620;.Red;85;Х/ф;Как отреставрировать замок (и остаться в живых) c. 14;[16+]
200620;200820;.Red;85;Х/ф;Супергерои c. 2;[16+]
200820;200840;.Red;85;Х/ф;Секретные рецепты Мэри Берг c. 11;[16+]
200840;200905;.Red;85;Х/ф;Секретные рецепты Мэри Берг c. 12;[16+]
200905;200950;.Red;85;Х/ф;Валентина, любовь моя c. 23;[16+]
200950;201035;.Red;85;Х/ф;Валентина, любовь моя c. 24;[16+]
201035;201125;.Red;85;Х/ф;Тайны Авроры Тигарден c. 13;[16+]
201125;201215;.Red;85;Х/ф;Тайны Авроры Тигарден c. 14;[16+]
201215;201340;.Red;85;Х/ф;Дождь из мужчин;[16+]
201340;201405;.Red;85;Х/ф;Как остаться в браке c. 1;[16+]
201405;201435;.Red;85;Х/ф;Как остаться в браке c. 2;[16+]
201435;201500;.Red;85;Х/ф;Как остаться в браке c. 3;[16+]
201500;201525;.Red;85;Х/ф;Как остаться в браке c. 4;[16+]
201525;201555;.Red;85;Х/ф;Как остаться в браке c. 5;[16+]
201555;201620;.Red;85;Х/ф;Как остаться в браке c. 6;[16+]
201620;201645;.Red;85;Х/ф;Как остаться в браке c. 7;[16+]
201645;201715;.Red;85;Х/ф;Как остаться в браке c. 8;[16+]
201715;201805;.Red;85;Х/ф;Валентина, любовь моя c. 25;[16+]
201805;201855;.Red;85;Х/ф;Валентина, любовь моя c. 26;[16+]
201855;201915;.Red;85;Х/ф;Секретные рецепты Мэри Берг c. 13;[16+]
201915;201935;.Red;85;Х/ф;Секретные рецепты Мэри Берг c. 14;[16+]
201935;202000;.Red;85;Х/ф;Секретные рецепты Мэри Берг c. 15;[16+]
202000;202050;.Red;85;Х/ф;Тайны Авроры Тигарден c. 15;[16+]
202050;202140;.Red;85;Х/ф;Тайны Авроры Тигарден c. 16;[16+]
202140;202205;.Red;85;Х/ф;Больница Сент-Винсент c. 81;[16+]
202205;202225;.Red;85;Х/ф;Больница Сент-Винсент c. 82;[16+]
202225;202250;.Red;85;Х/ф;Больница Сент-Винсент c. 83;[16+]
202250;202315;.Red;85;Х/ф;Больница Сент-Винсент c. 84;[16+]
202315;202335;.Red;85;Х/ф;Больница Сент-Винсент c. 85;[16+]
202335;210135;.Red;85;Х/ф;После свадьбы;[16+]
210135;210220;.Red;85;Х/ф;Тайны Авроры Тигарден c. 15;[16+]
210220;210305;.Red;85;Х/ф;Тайны Авроры Тигарден c. 16;[16+]
210305;210325;.Red;85;Х/ф;Больница Сент-Винсент c. 81;[16+]
210325;210345;.Red;85;Х/ф;Больница Сент-Винсент c. 82;[16+]
210345;210515;.Red;85;Х/ф;Пока я рядом c. 2;[16+]
210515;210540;.Red;85;Х/ф;Как отреставрировать замок (и остаться в живых) c. 15;[16+]
210540;210600;.Red;85;Х/ф;Как отреставрировать замок (и остаться в живых) c. 16;[16+]
210600;210620;.Red;85;Х/ф;Как отреставрировать замок (и остаться в живых) c. 17;[16+]
210620;210640;.Red;85;Х/ф;Как отреставрировать замок (и остаться в живых) c. 18;[16+]
210640;210825;.Red;85;Х/ф;Певица на всю голову;[16+]
210825;210915;.Red;85;Х/ф;Валентина, любовь моя c. 25;[16+]
210915;211005;.Red;85;Х/ф;Валентина, любовь моя c. 26;[16+]
211005;211055;.Red;85;Х/ф;Тайны Авроры Тигарден c. 15;[16+]
211055;211145;.Red;85;Х/ф;Тайны Авроры Тигарден c. 16;[16+]
211145;211330;.Red;85;Х/ф;Пока я рядом c. 3;[16+]
211330;211425;.Red;85;Х/ф;Сделано в Италии c. 1;[16+]
211425;211520;.Red;85;Х/ф;Сделано в Италии c. 2;[16+]
211520;211615;.Red;85;Х/ф;Сделано в Италии c. 3;[16+]
211615;211710;.Red;85;Х/ф;Сделано в Италии c. 4;[16+]
211710;211805;.Red;85;Х/ф;Валентина, любовь моя c. 27;[16+]
211805;211855;.Red;85;Х/ф;Валентина, любовь моя c. 28;[16+]
211855;211915;.Red;85;Х/ф;Секретные рецепты Мэри Берг c. 16;[16+]
211915;211935;.Red;85;Х/ф;Секретные рецепты Мэри Берг c. 17;[16+]
211935;212000;.Red;85;Х/ф;Секретные рецепты Мэри Берг c. 18;[16+]
212000;212115;.Red;85;Х/ф;Залёт;[16+]
212115;212300;.Red;85;Х/ф;Мой лучший любовник;[16+]
212300;220050;.Red;85;Х/ф;Герцогиня;[16+]
220050;220245;.Red;85;Х/ф;Адаптация;[18+]
220245;220515;.Red;85;Х/ф;История моей жены;[16+]
220515;220540;.Red;85;Х/ф;Как отреставрировать замок (и остаться в живых) c. 19;[16+]
220540;220600;.Red;85;Х/ф;Как отреставрировать замок (и остаться в живых) c. 20;[16+]
220600;220740;.Red;85;Х/ф;Пока я рядом;[16+]
220740;220800;.Red;85;Х/ф;Секретные рецепты Мэри Берг c. 4;[16+]
220800;220825;.Red;85;Х/ф;Секретные рецепты Мэри Берг c. 5;[16+]
220825;220845;.Red;85;Х/ф;Секретные рецепты Мэри Берг c. 6;[16+]
220845;220910;.Red;85;Х/ф;Секретные рецепты Мэри Берг c. 6;[16+]
220910;220930;.Red;85;Х/ф;Секретные рецепты Мэри Берг c. 7;[16+]
220930;220950;.Red;85;Х/ф;Секретные рецепты Мэри Берг c. 8;[16+]
220950;221015;.Red;85;Х/ф;Секретные рецепты Мэри Берг c. 9;[16+]
221015;221115;.Red;85;Х/ф;Проверка на прочность c. 7;[16+]
221115;221215;.Red;85;Х/ф;Проверка на прочность c. 8;[16+]
221215;221320;.Red;85;Х/ф;Проверка на прочность c. 9;[16+]
221320;221410;.Red;85;Х/ф;Тайны Авроры Тигарден c. 9;[16+]
221410;221500;.Red;85;Х/ф;Тайны Авроры Тигарден c. 10;[16+]
221500;221545;.Red;85;Х/ф;Тайны Авроры Тигарден c. 11;[16+]
221545;221635;.Red;85;Х/ф;Тайны Авроры Тигарден c. 12;[16+]
221635;221725;.Red;85;Х/ф;Тайны Авроры Тигарден c. 13;[16+]
221725;221815;.Red;85;Х/ф;Тайны Авроры Тигарден c. 14;[16+]
221815;221910;.Red;85;Х/ф;Тайны Авроры Тигарден c. 15;[16+]
221910;222000;.Red;85;Х/ф;Тайны Авроры Тигарден c. 16;[16+]
222000;222210;.Red;85;Х/ф;Сабрина;[16+]
222210;222355;.Red;85;Х/ф;Любовь вслепую;[16+]
222355;230150;.Red;85;Х/ф;Супергерои c. 3;[16+]
230150;230300;.Red;85;Х/ф;Залёт;[16+]
230300;230455;.Red;85;Х/ф;После свадьбы;[16+]
230455;230515;.Red;85;Х/ф;Как отреставрировать замок (и остаться в живых) c. 21;[16+]
230515;230535;.Red;85;Х/ф;Как отреставрировать замок (и остаться в живых) c. 22;[16+]
230535;230600;.Red;85;Х/ф;Как отреставрировать замок (и остаться в живых) c. 23;[16+]
230600;230745;.Red;85;Х/ф;Мой лучший любовник;[16+]
230745;230810;.Red;85;Х/ф;Секретные рецепты Мэри Берг c. 10;[16+]
230810;230830;.Red;85;Х/ф;Секретные рецепты Мэри Берг c. 11;[16+]
230830;230850;.Red;85;Х/ф;Секретные рецепты Мэри Берг c. 12;[16+]
230850;230915;.Red;85;Х/ф;Секретные рецепты Мэри Берг c. 13;[16+]
230915;231015;.Red;85;Х/ф;Проверка на прочность c. 10;[16+]
231015;231115;.Red;85;Х/ф;Проверка на прочность c. 1;[16+]
231115;231220;.Red;85;Х/ф;Проверка на прочность c. 2;[16+]
231220;231240;.Red;85;Х/ф;Больница Сент-Винсент c. 66;[16+]
231240;231305;.Red;85;Х/ф;Больница Сент-Винсент c. 67;[16+]
231305;231330;.Red;85;Х/ф;Больница Сент-Винсент c. 68;[16+]
231330;231350;.Red;85;Х/ф;Больница Сент-Винсент c. 69;[16+]
231350;231415;.Red;85;Х/ф;Больница Сент-Винсент c. 70;[16+]
231415;231435;.Red;85;Х/ф;Больница Сент-Винсент c. 71;[16+]
231435;231500;.Red;85;Х/ф;Больница Сент-Винсент c. 72;[16+]
231500;231525;.Red;85;Х/ф;Больница Сент-Винсент c. 73;[16+]
231525;231550;.Red;85;Х/ф;Больница Сент-Винсент c. 74;[16+]
231550;231610;.Red;85;Х/ф;Больница Сент-Винсент c. 75;[16+]
231610;231635;.Red;85;Х/ф;Больница Сент-Винсент c. 76;[16+]
231635;231700;.Red;85;Х/ф;Больница Сент-Винсент c. 77;[16+]
231700;231720;.Red;85;Х/ф;Больница Сент-Винсент c. 78;[16+]
231720;231745;.Red;85;Х/ф;Больница Сент-Винсент c. 79;[16+]
231745;231805;.Red;85;Х/ф;Больница Сент-Винсент c. 80;[16+]
231805;231830;.Red;85;Х/ф;Больница Сент-Винсент c. 81;[16+]
231830;231850;.Red;85;Х/ф;Больница Сент-Винсент c. 82;[16+]
231850;231915;.Red;85;Х/ф;Больница Сент-Винсент c. 83;[16+]
231915;231940;.Red;85;Х/ф;Больница Сент-Винсент c. 84;[16+]
231940;232000;.Red;85;Х/ф;Больница Сент-Винсент c. 85;[16+]
232000;232130;.Red;85;Х/ф;Болельщицы со стажем;[16+]
232130;232325;.Red;85;Х/ф;Итальянские каникулы;[16+]
232325;240135;.Red;85;Х/ф;Сабрина;[16+]
240135;240320;.Red;85;Х/ф;Герцогиня;[16+]
240320;240515;.Red;85;Х/ф;Супергерои;[16+]
240515;240540;.Red;85;Х/ф;Как отреставрировать замок (и остаться в живых) c. 24;[16+]
240540;240600;.Red;85;Х/ф;Как отреставрировать замок (и остаться в живых) c. 25;[16+]
170300;170350;BOLT;;Х/ф;Академия c. 60;[16+]
170350;170440;BOLT;;Х/ф;Академия c. 1;[16+]
170440;170530;BOLT;;Х/ф;Академия c. 2;[16+]
170530;170540;BOLT;;Х/ф;Хроники общественного быта c. 6;[16+]
170540;170600;BOLT;;Х/ф;Хроники общественного быта;[16+]
170600;170615;BOLT;;Х/ф;Хроники общественного быта c. 2;[16+]
170615;170705;BOLT;;Х/ф;Сёстры по крови c. 68;[16+]
170705;170755;BOLT;;Х/ф;Сёстры по крови c. 69;[16+]
170755;170850;BOLT;;Х/ф;Сёстры по крови c. 70;[16+]
170850;170945;BOLT;;Х/ф;Анна-детективъ c. 33;[]
170945;171035;BOLT;;Х/ф;Анна-детективъ c. 34;[]
171035;171130;BOLT;;Х/ф;Анна-детективъ c. 35;[]
171130;171225;BOLT;;Х/ф;Анна-детективъ c. 36;[]
171225;171315;BOLT;;Х/ф;Анна-детективъ c. 37;[]
171315;171410;BOLT;;Х/ф;Анна-детективъ c. 38;[]
171410;171505;BOLT;;Х/ф;Анна-детективъ c. 39;[]
171505;171600;BOLT;;Х/ф;Анна-детективъ c. 40;[]
171600;171650;BOLT;;Х/ф;Анна-детективъ c. 41;[]
171650;171745;BOLT;;Х/ф;Анна-детективъ c. 42;[]
171745;171835;BOLT;;Х/ф;Анна-детективъ c. 43;[]
171835;171930;BOLT;;Х/ф;Анна-детективъ c. 44;[]
171930;172025;BOLT;;Х/ф;Анна-детективъ c. 45;[]
172025;172120;BOLT;;Х/ф;Анна-детективъ c. 46;[]
172120;172215;BOLT;;Х/ф;Анна-детективъ c. 47;[]
172215;172305;BOLT;;Х/ф;Анна-детективъ c. 48;[]
172305;180005;BOLT;;Х/ф;Штрафник c. 1;[]
180005;180105;BOLT;;Х/ф;Штрафник c. 2;[]
180105;180155;BOLT;;Х/ф;Штрафник c. 3;[]
180155;180245;BOLT;;Х/ф;Академия c. 1;[16+]
180245;180335;BOLT;;Х/ф;Академия c. 2;[16+]
180335;180425;BOLT;;Х/ф;Академия c. 3;[16+]
180425;180510;BOLT;;Х/ф;Академия c. 4;[16+]
180510;180600;BOLT;;Х/ф;Академия c. 5;[16+]
180600;180610;BOLT;;Х/ф;Хроники общественного быта c. 9;[16+]
180610;180700;BOLT;;Х/ф;Сёстры по крови c. 71;[16+]
180700;180755;BOLT;;Х/ф;Сёстры по крови c. 72;[16+]
180755;180850;BOLT;;Х/ф;Сёстры по крови c. 73;[16+]
180850;180940;BOLT;;Х/ф;Анна-детективъ c. 41;[]
180940;181035;BOLT;;Х/ф;Анна-детективъ c. 42;[]
181035;181130;BOLT;;Х/ф;Анна-детективъ c. 43;[]
181130;181220;BOLT;;Х/ф;Анна-детективъ c. 44;[]
181220;181315;BOLT;;Х/ф;Анна-детективъ c. 45;[]
181315;181410;BOLT;;Х/ф;Анна-детективъ c. 46;[]
181410;181505;BOLT;;Х/ф;Анна-детективъ c. 47;[]
181505;181600;BOLT;;Х/ф;Анна-детективъ c. 48;[]
181600;181650;BOLT;;Х/ф;Анна-детективъ c. 49;[]
181650;181745;BOLT;;Х/ф;Анна-детективъ c. 50;[]
181745;181840;BOLT;;Х/ф;Анна-детективъ c. 51;[]
181840;181930;BOLT;;Х/ф;Анна-детективъ c. 52;[]
181930;182025;BOLT;;Х/ф;Анна-детективъ c. 53;[]
182025;182115;BOLT;;Х/ф;Анна-детективъ c. 54;[]
182115;182210;BOLT;;Х/ф;Анна-детективъ c. 55;[]
182210;182300;BOLT;;Х/ф;Анна-детективъ c. 56;[]
182300;190000;BOLT;;Х/ф;Штрафник c. 3;[]
190000;190100;BOLT;;Х/ф;Штрафник c. 4;[]
190100;190155;BOLT;;Х/ф;Штрафник c. 5;[]
190155;190240;BOLT;;Х/ф;Академия c. 3;[16+]
190240;190330;BOLT;;Х/ф;Академия c. 4;[16+]
190330;190420;BOLT;;Х/ф;Академия c. 5;[16+]
190420;190505;BOLT;;Х/ф;Академия c. 6;[16+]
190505;190605;BOLT;;Х/ф;Академия c. 7;[16+]
190605;190615;BOLT;;Х/ф;Хроники общественного быта c. 3;[16+]
190615;190705;BOLT;;Х/ф;Сёстры по крови c. 74;[16+]
190705;190800;BOLT;;Х/ф;Сёстры по крови c. 75;[16+]
190800;190855;BOLT;;Х/ф;Сёстры по крови c. 76;[16+]
190855;190945;BOLT;;Х/ф;Анна-детективъ c. 49;[]
190945;191040;BOLT;;Х/ф;Анна-детективъ c. 50;[]
191040;191135;BOLT;;Х/ф;Анна-детективъ c. 51;[]
191135;191225;BOLT;;Х/ф;Анна-детективъ c. 52;[]
191225;191320;BOLT;;Х/ф;Анна-детективъ c. 53;[]
191320;191415;BOLT;;Х/ф;Анна-детективъ c. 54;[]
191415;191505;BOLT;;Х/ф;Анна-детективъ c. 55;[]
191505;191600;BOLT;;Х/ф;Анна-детективъ c. 56;[]
191600;191650;BOLT;;Х/ф;Анна-детективъ c. 1;[]
191650;191740;BOLT;;Х/ф;Анна-детективъ c. 2;[]
191740;191830;BOLT;;Х/ф;Анна-детективъ c. 3;[]
191830;191925;BOLT;;Х/ф;Анна-детективъ c. 4;[]
191925;192015;BOLT;;Х/ф;Анна-детективъ c. 5;[]
192015;192105;BOLT;;Х/ф;Анна-детективъ c. 6;[]
192105;192200;BOLT;;Х/ф;Анна-детективъ c. 7;[]
192200;192250;BOLT;;Х/ф;Анна-детективъ c. 8;[]
192250;192350;BOLT;;Х/ф;Штрафник c. 5;[]
192350;200045;BOLT;;Х/ф;Штрафник c. 6;[]
200045;200140;BOLT;;Х/ф;Штрафник c. 7;[]
200140;200230;BOLT;;Х/ф;Академия c. 5;[16+]
200230;200315;BOLT;;Х/ф;Академия c. 6;[16+]
200315;200405;BOLT;;Х/ф;Академия c. 7;[16+]
200405;200450;BOLT;;Х/ф;Академия c. 8;[16+]
200450;200540;BOLT;;Х/ф;Академия c. 9;[16+]
200540;200600;BOLT;;Х/ф;Хроники общественного быта c. 1;[16+]
200600;200615;BOLT;;Х/ф;Хроники общественного быта c. 4;[16+]
200615;200630;BOLT;;Х/ф;Хроники общественного быта c. 5;[16+]
200630;200720;BOLT;;Х/ф;Сёстры по крови c. 77;[16+]
200720;200810;BOLT;;Х/ф;Сёстры по крови c. 78;[16+]
200810;200905;BOLT;;Х/ф;Сёстры по крови c. 79;[]
200905;201000;BOLT;;Х/ф;Анна-детективъ c. 1;[]
201000;201050;BOLT;;Х/ф;Анна-детективъ c. 2;[]
201050;201140;BOLT;;Х/ф;Анна-детективъ c. 3;[]
201140;201230;BOLT;;Х/ф;Анна-детективъ c. 4;[]
201230;201325;BOLT;;Х/ф;Анна-детективъ c. 5;[]
201325;201415;BOLT;;Х/ф;Анна-детективъ c. 6;[]
201415;201505;BOLT;;Х/ф;Анна-детективъ c. 7;[]
201505;201600;BOLT;;Х/ф;Анна-детективъ c. 8;[]
201600;201650;BOLT;;Х/ф;Анна-детективъ c. 9;[]
201650;201740;BOLT;;Х/ф;Анна-детективъ c. 10;[]
201740;201835;BOLT;;Х/ф;Анна-детективъ c. 11;[]
201835;201925;BOLT;;Х/ф;Анна-детективъ c. 12;[]
201925;202015;BOLT;;Х/ф;Анна-детективъ c. 13;[]
202015;202105;BOLT;;Х/ф;Анна-детективъ c. 14;[]
202105;202200;BOLT;;Х/ф;Анна-детективъ c. 15;[]
202200;202250;BOLT;;Х/ф;Анна-детективъ c. 16;[]
202250;202350;BOLT;;Х/ф;Штрафник c. 7;[]
202350;210045;BOLT;;Х/ф;Штрафник c. 8;[]
210045;210140;BOLT;;Х/ф;Штрафник c. 9;[]
210140;210230;BOLT;;Х/ф;Академия c. 7;[16+]
210230;210315;BOLT;;Х/ф;Академия c. 8;[16+]
210315;210405;BOLT;;Х/ф;Академия c. 9;[16+]
210405;210455;BOLT;;Х/ф;Академия c. 10;[16+]
210455;210540;BOLT;;Х/ф;Академия c. 11;[16+]
210540;210600;BOLT;;Х/ф;Хроники общественного быта c. 2;[16+]
210600;210615;BOLT;;Х/ф;Хроники общественного быта c. 3;[16+]
210615;210630;BOLT;;Х/ф;Хроники общественного быта c. 11;[16+]
210630;210720;BOLT;;Х/ф;Сёстры по крови c. 80;[]
210720;210810;BOLT;;Х/ф;Сёстры по крови c. 81;[]
210810;210905;BOLT;;Х/ф;Сёстры по крови c. 82;[]
210905;210955;BOLT;;Х/ф;Анна-детективъ c. 9;[]
210955;211050;BOLT;;Х/ф;Анна-детективъ c. 10;[]
211050;211140;BOLT;;Х/ф;Анна-детективъ c. 11;[]
211140;211230;BOLT;;Х/ф;Анна-детективъ c. 12;[]
211230;211325;BOLT;;Х/ф;Анна-детективъ c. 13;[]
211325;211415;BOLT;;Х/ф;Анна-детективъ c. 14;[]
211415;211505;BOLT;;Х/ф;Анна-детективъ c. 15;[]
211505;211600;BOLT;;Х/ф;Анна-детективъ c. 16;[]
211600;211650;BOLT;;Х/ф;Анна-детективъ c. 17;[]
211650;211740;BOLT;;Х/ф;Анна-детективъ c. 18;[]
211740;211835;BOLT;;Х/ф;Анна-детективъ c. 19;[]
211835;211925;BOLT;;Х/ф;Анна-детективъ c. 20;[]
211925;212015;BOLT;;Х/ф;Анна-детективъ c. 21;[]
212015;212110;BOLT;;Х/ф;Анна-детективъ c. 22;[]
212110;212200;BOLT;;Х/ф;Анна-детективъ c. 23;[]
212200;212250;BOLT;;Х/ф;Анна-детективъ c. 24;[]
212250;212345;BOLT;;Х/ф;Штрафник c. 10;[]
212345;220045;BOLT;;Х/ф;Штрафник c. 11;[]
220045;220140;BOLT;;Х/ф;Штрафник c. 12;[]
220140;220230;BOLT;;Х/ф;Академия c. 9;[16+]
220230;220315;BOLT;;Х/ф;Академия c. 10;[16+]
220315;220405;BOLT;;Х/ф;Академия c. 11;[16+]
220405;220455;BOLT;;Х/ф;Академия c. 12;[16+]
220455;220540;BOLT;;Х/ф;Академия c. 13;[16+]
220540;220600;BOLT;;Х/ф;Хроники общественного быта c. 6;[16+]
220600;220645;BOLT;;Х/ф;Анна-детективъ c. 39;[]
220645;220740;BOLT;;Х/ф;Анна-детективъ c. 40;[]
220740;220835;BOLT;;Х/ф;Анна-детективъ c. 41;[]
220835;220925;BOLT;;Х/ф;Анна-детективъ c. 42;[]
220925;221020;BOLT;;Х/ф;Анна-детективъ c. 43;[]
221020;221115;BOLT;;Х/ф;Анна-детективъ c. 44;[]
221115;221210;BOLT;;Х/ф;Анна-детективъ c. 45;[]
221210;221300;BOLT;;Х/ф;Анна-детективъ c. 46;[]
221300;221355;BOLT;;Х/ф;Анна-детективъ c. 47;[]
221355;221450;BOLT;;Х/ф;Анна-детективъ c. 48;[]
221450;221545;BOLT;;Х/ф;Анна-детективъ c. 49;[]
221545;221635;BOLT;;Х/ф;Анна-детективъ c. 50;[]
221635;221730;BOLT;;Х/ф;Анна-детективъ c. 51;[]
221730;221825;BOLT;;Х/ф;Анна-детективъ c. 52;[]
221825;221915;BOLT;;Х/ф;Анна-детективъ c. 53;[]
221915;222010;BOLT;;Х/ф;Анна-детективъ c. 54;[]
222010;222100;BOLT;;Х/ф;Анна-детективъ c. 55;[]
222100;222155;BOLT;;Х/ф;Анна-детективъ c. 56;[]
222155;222250;BOLT;;Х/ф;Академия c. 1;[16+]
222250;222340;BOLT;;Х/ф;Академия c. 2;[16+]
222340;230035;BOLT;;Х/ф;Академия c. 3;[16+]
230035;230125;BOLT;;Х/ф;Академия c. 4;[16+]
230125;230215;BOLT;;Х/ф;Академия c. 5;[16+]
230215;230305;BOLT;;Х/ф;Академия c. 6;[16+]
230305;230350;BOLT;;Х/ф;Академия c. 7;[16+]
230350;230440;BOLT;;Х/ф;Академия c. 8;[16+]
230440;230530;BOLT;;Х/ф;Академия c. 9;[16+]
230530;230540;BOLT;;Х/ф;Хроники общественного быта c. 4;[16+]
230540;230600;BOLT;;Х/ф;Хроники общественного быта;[16+]
230600;230645;BOLT;;Х/ф;Анна-детективъ c. 1;[]
230645;230735;BOLT;;Х/ф;Анна-детективъ c. 2;[]
230735;230830;BOLT;;Х/ф;Анна-детективъ c. 3;[]
230830;230920;BOLT;;Х/ф;Анна-детективъ c. 4;[]
230920;231010;BOLT;;Х/ф;Анна-детективъ c. 5;[]
231010;231105;BOLT;;Х/ф;Анна-детективъ c. 6;[]
231105;231155;BOLT;;Х/ф;Анна-детективъ c. 7;[]
231155;231245;BOLT;;Х/ф;Анна-детективъ c. 8;[]
231245;231335;BOLT;;Х/ф;Анна-детективъ c. 9;[]
231335;231430;BOLT;;Х/ф;Анна-детективъ c. 10;[]
231430;231520;BOLT;;Х/ф;Анна-детективъ c. 11;[]
231520;231610;BOLT;;Х/ф;Анна-детективъ c. 12;[]
231610;231705;BOLT;;Х/ф;Анна-детективъ c. 13;[]
231705;231755;BOLT;;Х/ф;Анна-детективъ c. 14;[]
231755;231845;BOLT;;Х/ф;Анна-детективъ c. 15;[]
231845;231940;BOLT;;Х/ф;Анна-детективъ c. 16;[]
231940;232030;BOLT;;Х/ф;Анна-детективъ c. 17;[]
232030;232120;BOLT;;Х/ф;Анна-детективъ c. 18;[]
232120;232215;BOLT;;Х/ф;Анна-детективъ c. 19;[]
232215;232305;BOLT;;Х/ф;Анна-детективъ c. 20;[]
232305;232355;BOLT;;Х/ф;Анна-детективъ c. 21;[]
232355;240050;BOLT;;Х/ф;Анна-детективъ c. 22;[]
240050;240135;BOLT;;Х/ф;Анна-детективъ c. 23;[]
240135;240220;BOLT;;Х/ф;Анна-детективъ c. 24;[]
240220;240300;BOLT;;Х/ф;Академия c. 10;[16+]
